6.000000000000000000e+00,-2.010588161647319100e-02,-6.773932278156280518e-02
6.000000000000000000e+00,-2.489638328552246094e-01,-7.115808129310609298e-02
6.000000000000000000e+00,-4.052080214023590088e-01,5.723907425999638643e-02
6.000000000000000000e+00,-3.809471130371094305e-01,2.832337915897368275e-01
6.000000000000000000e+00,-1.003821417689323287e-01,1.175893023610115190e-01
6.000000000000000000e+00,-1.551767438650131226e-01,2.844729125499724787e-01
6.000000000000000000e+00,6.078221276402475531e-02,2.832000553607940674e-01
6.000000000000000000e+00,9.224151074886322021e-02,1.094717532396316528e-01
6.000000000000000000e+00,4.534202814102173407e-01,1.031024977564811845e-01
6.000000000000000000e+00,4.002916514873504639e-01,-2.103398591279983521e-01
7.029722213745117188e+00,1.996701061725615900e-01,-5.922337770462036133e-01
6.885715484619140625e+00,1.799445301294326227e-01,-5.984988212585449219e-01
6.321637630462646484e+00,1.361656635999679565e-01,-6.099772453308106579e-01
7.146831035614013672e+00,9.998857975006096577e-02,-6.169151067733764648e-01
6.807380199432373047e+00,4.225711151957513290e-02,-6.235562562942504883e-01
6.950898170471191406e+00,8.484922349453020984e-03,-6.249074339866637073e-01
7.132108211517333984e+00,-7.122999429702765728e-02,-6.209008097648620605e-01
6.403815746307373047e+00,-1.628164798021316251e-01,-6.034086942672729492e-01
6.374564647674560547e+00,-2.719496190547938258e-02,6.244073510169982910e-01
6.215356349945068359e+00,-5.177211761474607987e-02,6.228283047676085316e-01
6.564667701721191406e+00,-6.545311957597733932e-02,6.215401887893676758e-01
7.315557003021240234e+00,-9.840617328882216019e-02,6.171763539314268909e-01
6.933477401733398438e+00,-1.210548058152199347e-01,6.131552457809449352e-01
7.189489364624023438e+00,-3.021954596042633057e-01,5.470663309097291149e-01
6.455626010894775391e+00,-3.879110515117644709e-01,4.900106787681580145e-01
6.894241333007812500e+00,-4.016256332397459827e-01,4.788735210895538330e-01
6.584436416625976562e+00,-4.526315033435822643e-01,4.309635162353515625e-01
7.176484107971191406e+00,-4.631852209568023682e-01,4.195812940597534735e-01
6.793591499328613281e+00,-4.892071783542633057e-01,3.889348506927490234e-01
7.012470245361328125e+00,-4.989234805107116699e-01,3.763731420040131725e-01
6.668180465698242188e+00,-5.924809575080872692e-01,1.989149898290633323e-01
6.869654655456542969e+00,-6.030454635620117188e-01,1.641151160001754761e-01
7.259277343750000000e+00,-6.071835756301879883e-01,1.481472998857498447e-01
7.045146942138671875e+00,-6.208838820457458496e-01,7.137047499418265606e-02
6.362863540649414062e+00,-6.235888004302978516e-01,-4.183234646916394323e-02
7.320095539093017578e+00,-5.948272943496704102e-01,-1.917469650506974377e-01
6.666913509368896484e+00,-5.781981945037841797e-01,-2.372505962848664163e-01
6.161225318908691406e+00,-5.204491615295410156e-01,-3.460350632667540949e-01
6.608363628387451172e+00,-4.956184029579163153e-01,-3.807657063007353626e-01
7.036031246185302734e+00,-4.575583040714265026e-01,-4.257031977176665150e-01
7.202013492584228516e+00,-4.489496946334838312e-01,-4.347791969776154120e-01
6.550498962402343750e+00,-3.577761352062225897e-01,-5.124551653861998401e-01
6.873134613037109375e+00,-3.383798897266388495e-01,-5.254442691802979626e-01
6.390044689178466797e+00,-3.219194114208220880e-01,-5.356897115707397461e-01
6.196602344512939453e+00,-2.659536302089692272e-01,-5.655707120895384632e-01
7.201909542083740234e+00,2.508207261562347412e-01,-5.724522471427916370e-01
6.762064933776855469e+00,2.775647640228271484e-01,-5.599705576896667480e-01
7.328408241271972656e+00,3.348589539527894177e-01,-5.277125239372254528e-01
6.244396686553955078e+00,3.671474158763886608e-01,-5.057628154754638672e-01
6.689900875091552734e+00,4.246254563331604559e-01,-4.585677385330200750e-01
7.354924678802490234e+00,4.979563653469085693e-01,-3.776623904705048163e-01
6.731501579284667969e+00,5.226815938949584961e-01,-3.426138162612915594e-01
7.129662990570068359e+00,5.328523516654968262e-01,-3.265933394432067871e-01
6.454341888427734375e+00,5.528370141983032227e-01,-2.914829254150390625e-01
7.326388359069824219e+00,5.904496908187867321e-01,-2.048284560441971103e-01
6.208240985870361328e+00,5.975071191787718616e-01,-1.832136958837509155e-01
6.779665470123291016e+00,6.030417680740356445e-01,-1.641283482313156128e-01
6.472130775451660156e+00,6.118463873863220215e-01,-1.273737698793411255e-01
6.241945266723632812e+00,6.238425374031068005e-01,-3.756738826632499695e-02
6.423351764678955078e+00,6.248924732208253063e-01,9.858425706624984741e-03
6.867524147033691406e+00,6.244792342185974121e-01,2.499920316040515553e-02
7.154580593109130859e+00,6.215977072715759277e-01,6.486865878105163574e-02
7.008729934692382812e+00,6.132717132568359375e-01,1.204338669776916504e-01
6.510447502136230469e+00,5.947107672691345215e-01,1.921030580997466763e-01
7.216493129730224609e+00,5.873429179191588245e-01,2.136629521846770963e-01
6.211782932281494141e+00,5.591352581977844238e-01,2.792130708694458008e-01
7.041858673095703125e+00,5.510504841804504395e-01,2.948253154754638672e-01
7.179419994354248047e+00,5.016453862190247692e-01,3.727446198463440497e-01
6.233973026275634766e+00,4.856213033199310303e-01,3.934033811092376709e-01
7.241664886474609375e+00,3.576789796352386475e-01,5.125216245651244007e-01
6.843990802764892578e+00,3.384112715721130371e-01,5.254238247871398926e-01
6.820631027221679688e+00,1.850830018520354392e-01,5.969401001930236816e-01
6.405242443084716797e+00,1.344796866178513128e-01,6.103521585464477539e-01
6.761435031890869141e+00,1.823095418512818075e-02,6.247007846832275391e-01
7.500000476837158203e+00,3.044637143611909069e-01,-9.118893742561339222e-01
7.500000476837158203e+00,-2.881495356559752863e-01,-8.165079951286317028e-01
7.500000476837158203e+00,9.071138501167301527e-02,9.036066532135009766e-01
7.500000476837158203e+00,3.005423247814177357e-01,9.181452393531799316e-01
7.500000476837158203e+00,4.338913857936859131e-01,7.180792093276977539e-01
7.500000476837158203e+00,8.117123842239379883e-01,5.432866215705871582e-01
7.500000476837158203e+00,7.179154157638548694e-01,3.738017976284027100e-01
7.500000476837158203e+00,8.450407385826110840e-01,2.332700788974761963e-01
7.500000476837158203e+00,6.443645954132080078e-01,-3.394527435302734930e-01
7.500000476837158203e+00,7.763256430625915527e-01,-5.412105321884155273e-01
7.500000476837158203e+00,3.180533051490783136e-01,-7.051305770874023438e-01
7.500000476837158203e+00,-5.473021864891052246e-01,-5.072124600410462536e-01
7.500000476837158203e+00,-7.151315808296203613e-01,-5.205355882644652210e-01
7.500000476837158203e+00,-8.040419220924377441e-01,-3.412113785743714489e-01
7.500000476837158203e+00,-7.885936498641967773e-01,1.053674072027207392e-01
7.500000476837158203e+00,-9.039930701255797230e-01,2.226746976375580667e-01
7.500000476837158203e+00,-8.053579330444337048e-01,3.992637395858764093e-01
7.500000476837158203e+00,-6.934005618095396839e-01,5.702647566795350231e-01
7.500000476837158203e+00,-4.129799902439117432e-01,6.486940383911131702e-01
7.500000476837158203e+00,-1.084942966699600914e-01,9.668853878974913441e-01
7.287324428558349609e+00,1.835855245590210516e-01,1.064052581787109375e+00
7.296463012695312500e+00,3.947825357317914785e-02,1.080068469047546387e+00
7.379433155059814453e+00,-6.670006513595581055e-01,8.622559309005736194e-01
7.353828907012939453e+00,-7.768511772155761719e-01,7.606233954429627575e-01
7.243954658508300781e+00,-8.994028298926267651e-01,6.551737437781967044e-01
7.254731655120849609e+00,-1.049930453300476074e+00,2.357097417116164606e-01
7.274717330932617188e+00,-1.075064659118652344e+00,8.388771116733551025e-02
7.364115715026855469e+00,-1.024020910263061523e+00,-3.687263131141660932e-01
7.318727493286132812e+00,5.470522642135622338e-01,-9.350281357765197754e-01
7.254696846008300781e+00,7.900031805038449928e-01,-7.306099534034727894e-01
7.225938320159912109e+00,9.844360008990050703e-01,-4.986266782715401136e-01
7.322080135345458984e+00,6.715055108070374645e-01,8.505325913429259144e-01
7.327310562133789062e+00,5.605874061584471546e-01,9.281044006347655140e-01
7.101562500000000000e+00,-6.103618234457297564e-02,1.065148885677980051e+00
7.030461788177490234e+00,-2.744939688936797184e-01,1.017167127469537080e+00
7.191223621368408203e+00,-6.812592809482719280e-01,8.452110305894895426e-01
7.025704383850097656e+00,-9.512830329468435764e-01,4.478162423274024140e-01
6.884573459625244141e+00,-9.749484814483319051e-01,3.737650035244945990e-01
7.112725734710693359e+00,-1.058900933066073025e+00,1.734973527440770713e-01
6.932099342346191406e+00,-1.059074630246364279e+00,-1.113271890834833522e-01
6.876055240631103516e+00,-9.909292207142389453e-01,-3.701048108990564467e-01
7.016188144683837891e+00,-9.209601449095966563e-01,-5.196251234687070397e-01
7.210049629211425781e+00,-9.179471867086701486e-01,-5.969180959232009975e-01
6.893131732940673828e+00,-6.545594232394175149e-01,-8.337070692052009901e-01
6.967396736145019531e+00,1.152510729251021299e-01,-1.048127215930453104e+00
7.030395507812500000e+00,3.164718766680016393e-01,-1.011020555764452045e+00
6.938043594360351562e+00,5.157899417771946160e-01,-9.265384089941582912e-01
7.137067794799804688e+00,6.983607165055589761e-01,-8.107819417471517909e-01
7.073475837707519531e+00,9.803080979268329331e-01,-3.985883810438602959e-01
7.027236461639404297e+00,1.037685916148906262e+00,-2.003702544759853044e-01
7.062963008880615234e+00,1.053941336062332201e+00,9.085399544416744577e-02
6.887730598449707031e+00,1.039792900554979971e+00,1.607712846784062621e-01
7.196342945098876953e+00,1.014938035372640490e+00,3.905155634956236077e-01
7.077159404754638672e+00,8.126809788843295523e-01,6.752308117993366388e-01
7.039050102233886719e+00,7.103911745289125390e-01,7.817753723535149080e-01
6.928646087646484375e+00,4.839379175061356841e-01,9.390121984163324331e-01
7.198078155517578125e+00,4.237882825991623470e-01,1.002236058316275269e+00
6.666932106018066406e+00,1.940439654568380246e-01,1.000871573708923323e+00
6.551019191741943359e+00,6.469226764903036886e-02,1.052380148965442297e+00
6.540375709533691406e+00,-1.520938750925060479e-01,1.029578422876163968e+00
6.768345832824707031e+00,-3.872223323544294882e-01,1.023559556312300556e+00
6.649702548980712891e+00,-4.969848620731861510e-01,8.982965326885107293e-01
6.526429653167724609e+00,-5.426209289193812957e-01,8.654257416252958413e-01
6.784681797027587891e+00,-7.003987632314202516e-01,8.245201301364165625e-01
6.540155887603759766e+00,-9.415676712230628409e-01,4.472619406301259759e-01
6.636163234710693359e+00,-1.042308751226470376e+00,-5.657491776848627002e-02
6.643446922302246094e+00,-8.091528618025485287e-01,-6.447286700068748377e-01
6.635874748229980469e+00,-6.561965921202566054e-01,-8.133089951997478639e-01
6.684489727020263672e+00,2.389292925182694705e-01,-1.021415039390923374e+00
6.607475280761718750e+00,8.145281236289011462e-01,-6.997987126657503332e-01
6.718938350677490234e+00,9.195003637598452295e-01,-5.903118770299875528e-01
6.520300388336181641e+00,8.850681931125981006e-01,-4.851430906600174842e-01
6.821515560150146484e+00,1.010389037383309763e+00,-3.095260790021390762e-01
6.522101879119873047e+00,9.992696743381810354e-01,-1.609646391853868652e-01
6.727169513702392578e+00,1.060165675540765573e+00,2.902323314659105979e-01
6.525687694549560547e+00,9.317609198888078259e-01,4.097801504470121037e-01
6.606743335723876953e+00,9.252703530812680377e-01,5.508624131932723378e-01
6.862395286560058594e+00,8.437678165020883192e-01,6.193039637659624175e-01
6.529942035675048828e+00,7.027038061609703901e-01,7.455099218152043683e-01
6.740188121795654297e+00,6.858673559043479973e-01,8.642447378986889417e-01
6.657405376434326172e+00,5.190468298747379361e-01,8.702363631054519377e-01
6.689463615417480469e+00,4.110622021265118442e-01,9.776465708603416793e-01
6.371774673461914062e+00,1.771592981630214503e-01,1.013889192277422246e+00
6.397419452667236328e+00,2.601218680136065109e-02,1.021458840020439407e+00
6.261524677276611328e+00,-3.976349105322112693e-02,1.040936647341732302e+00
6.295388698577880859e+00,-1.917599297774597589e-01,1.043542016611640699e+00
6.235127449035644531e+00,-4.615035251092847179e-01,8.909762339277769172e-01
6.182094097137451172e+00,-5.872633516614828020e-01,8.087507846741049944e-01
6.465282917022705078e+00,-9.963963054576715495e-01,2.007199831804495627e-01
6.274254322052001953e+00,-1.055736522408977640e+00,-5.813699539277794592e-03
6.251660346984863281e+00,-1.017377076975487071e+00,-1.597104041690520781e-01
6.205577850341796875e+00,-9.036483982582192986e-01,-3.376586344660940653e-01
6.444937229156494141e+00,-9.133750184092052082e-01,-4.375483985028867373e-01
6.233751296997070312e+00,-7.342070400609677083e-01,-6.778658688330750914e-01
6.439997196197509766e+00,-6.961917725386765898e-01,-7.366198313013417875e-01
6.349030971527099609e+00,8.887458663538681802e-02,-1.037944484782201027e+00
6.497180938720703125e+00,2.271562825746097636e-01,-9.685667639758003267e-01
6.268944740295410156e+00,3.130537260714831849e-01,-1.002601990497114626e+00
6.507164001464843750e+00,4.258368885671279802e-01,-8.960951130905976392e-01
6.397572517395019531e+00,5.776157987255882142e-01,-8.392246853446001520e-01
6.303062438964843750e+00,1.062296241870715585e+00,-2.239592242253131762e-02
6.382901191711425781e+00,9.868376568058874199e-01,2.741974601339971507e-01
6.350358009338378906e+00,9.513175210840870699e-01,4.215855767933561760e-01
6.212161540985107422e+00,7.794689248183649388e-01,5.563027748533082573e-01
6.373374938964843750e+00,7.830192992570296218e-01,6.664978048732908000e-01
6.234631061553955078e+00,6.604803258997296034e-01,7.536984562354018813e-01
6.174240112304687500e+00,5.000208887826678161e-01,8.801908792383469349e-01
6.232092857360839844e+00,3.495922795223874169e-01,9.343682728464737242e-01
5.993222236633300781e+00,1.207942712576350608e-01,1.019223705947154279e+00
6.092710971832275391e+00,-3.992838167752664758e-01,9.023436301481647659e-01
6.047686100006103516e+00,-6.478635220468790257e-01,7.327407230229325830e-01
5.868683338165283203e+00,-7.564127449839275208e-01,6.462387273322929282e-01
6.055056571960449219e+00,-7.849056996671345265e-01,5.594895691468982912e-01
5.979381561279296875e+00,-9.041164822343120688e-01,4.625098390233622347e-01
6.016025543212890625e+00,-9.926952891065108364e-01,2.421042792911488883e-01
6.167777061462402344e+00,-1.003704712842573121e+00,1.663297701792519068e-01
5.827985763549804688e+00,-9.428364491565170979e-01,-4.834474926197867423e-02
6.065750598907470703e+00,-9.169597536221291145e-01,-2.062062478455214953e-01
5.862636566162109375e+00,-7.741296672395068246e-01,-6.131015524067923161e-01
5.831694126129150391e+00,2.403645515621624373e-01,-9.215005184148099548e-01
5.922898292541503906e+00,3.691762200227489132e-01,-8.521795234759151905e-01
5.983290195465087891e+00,5.460638122805583361e-01,-8.623464124671769149e-01
6.001892089843750000e+00,8.813874693925635162e-01,-5.293484746982916045e-01
6.121071338653564453e+00,9.797644476906630651e-01,-3.163936199456950926e-01
5.920708656311035156e+00,9.071806721076655089e-01,-2.223595099708964573e-01
6.057112216949462891e+00,9.558687739186535470e-01,-7.657139861224160349e-02
6.124001979827880859e+00,1.028131357886439501e+00,8.350791958734363196e-02
5.970371246337890625e+00,9.937656676745688644e-01,1.493604821672050997e-01
6.141537189483642578e+00,9.646974461803705658e-01,3.811528507113125519e-01
5.971619129180908203e+00,8.682376079761374710e-01,5.093535356959986160e-01
6.045519828796386719e+00,7.549858769843621475e-01,6.274123160410298716e-01
6.021381855010986328e+00,6.183512656073747449e-01,8.075776645378518470e-01
5.955722808837890625e+00,4.681071024880021358e-01,8.593261940755658745e-01
5.595130920410156250e+00,3.233086162714154943e-02,9.918643019015425111e-01
5.659355163574218750e+00,-2.796524715674186257e-01,9.541464255282563478e-01
5.496892452239990234e+00,-3.338080345737998167e-01,8.903018657759930177e-01
5.713316440582275391e+00,-3.968083757866174843e-01,8.194158083134361892e-01
5.485876083374023438e+00,-5.515701508305823619e-01,7.798016569287511413e-01
5.717027187347412109e+00,-5.854408536056541212e-01,7.079585043745244555e-01
5.682377338409423828e+00,-8.367733080561021719e-01,4.367507490505251888e-01
5.658480644226074219e+00,-9.925892366117089471e-01,7.698967361079851746e-02
5.617109775543212891e+00,-1.017526163234903969e+00,-9.114996742828866683e-02
5.515779018402099609e+00,-8.827983872688121014e-01,-2.869200315765156883e-01
5.555825233459472656e+00,1.571998654940063300e-01,-8.817979887961882035e-01
5.576618671417236328e+00,4.552483180723122524e-01,-8.354448083281591497e-01
5.695293903350830078e+00,5.555985780078954717e-01,-7.245822111864478332e-01
5.540916919708251953e+00,6.415946050600074280e-01,-6.054416771606160319e-01
5.547194957733154297e+00,7.931689277888441802e-01,-3.621889573034703380e-01
5.739175796508789062e+00,9.385163795365384365e-01,-1.677311555464996995e-01
5.539784908294677734e+00,8.792091509751779332e-01,-1.013375344866916800e-01
5.799650669097900391e+00,9.159282778221107257e-01,-2.739975125824491153e-02
5.521595954895019531e+00,8.827059657616642685e-01,2.640468444571658635e-01
5.653610229492187500e+00,8.209768254154246048e-01,5.780837952731708862e-01
5.686514377593994141e+00,6.651803496713267760e-01,6.559757427008380271e-01
5.801668167114257812e+00,4.083194326704143173e-01,8.157531316549536671e-01
5.533298015594482422e+00,3.447508524059087476e-01,8.312010739639088541e-01
5.744527339935302734e+00,2.885848659770446911e-01,9.137981586257324373e-01
5.263257026672363281e+00,1.260363843070738121e-01,8.604224055900925316e-01
5.147441387176513672e+00,-9.245859796100814113e-03,8.268585232998459933e-01
5.224011421203613281e+00,-2.993302306604168628e-01,7.951273046526958765e-01
5.119173526763916016e+00,-5.839644370363762382e-01,5.804881495880079845e-01
5.302404880523681641e+00,-6.758884576980589420e-01,5.640501505310696606e-01
5.326668262481689453e+00,-7.958829566223190044e-01,3.768978195022695821e-01
5.427589416503906250e+00,-8.843323089110832758e-01,2.459751270557760938e-01
5.292874336242675781e+00,-8.693647271444675528e-01,-1.368477815025340161e-01
5.165804386138916016e+00,-6.579778146431899399e-01,-5.015941161644628110e-01
5.319937229156494141e+00,-6.504266670753976465e-01,-5.932996362234757015e-01
5.196627616882324219e+00,-5.182188995145856625e-01,-6.587604911180661160e-01
5.383537769317626953e+00,1.884193847957317536e-01,-8.619803271946574474e-01
5.434411525726318359e+00,3.519102979605021608e-01,-8.517658013345853485e-01
5.274018764495849609e+00,3.854786398903612965e-01,-7.854891067655332959e-01
5.247536182403564453e+00,5.700366730730067610e-01,-6.481617974527552617e-01
5.372722148895263672e+00,6.806133597163774862e-01,-5.571710795540349981e-01
5.274634838104248047e+00,8.462967607442474227e-01,2.208888136261306090e-01
5.438201427459716797e+00,8.102532668545581185e-01,4.499269322125549753e-01
5.297106266021728516e+00,4.721539988040155400e-01,7.425473615415958406e-01
5.188150405883789062e+00,3.275165351261231650e-01,7.683309476576554164e-01
5.391207695007324219e+00,2.636710379873685728e-01,8.476903402001926269e-01
4.917577743530273438e+00,1.035644100896290637e-01,7.931128941727016990e-01
4.924163341522216797e+00,-1.156313725654353614e-01,7.918423978077445691e-01
4.902050018310546875e+00,-4.374491588244056040e-01,6.644384525483048032e-01
5.024189472198486328e+00,-7.243901445277746154e-01,3.450844987445552681e-01
4.938255310058593750e+00,-7.729907905388782030e-01,2.053283416106000681e-01
5.059473514556884766e+00,-8.056495105627830000e-01,6.778372864627603411e-02
5.083493709564208984e+00,-8.016920317184892397e-01,-1.465009384533238757e-01
5.005092144012451172e+00,-6.844267869357841816e-01,-4.190338240644619350e-01
4.844467639923095703e+00,-6.035194894098622198e-01,-5.188840911426646496e-01
4.818653106689453125e+00,-4.958113323975069098e-01,-6.272919357889872316e-01
4.956302165985107422e+00,1.657969598980761350e-01,-7.866543690664890010e-01
4.871797084808349609e+00,3.049104561986835660e-01,-7.354758372044207793e-01
4.766522884368896484e+00,5.538959087095597367e-01,-6.066334556695717195e-01
5.066228389739990234e+00,6.880749503521509380e-01,-4.283411864880509179e-01
4.921647071838378906e+00,7.173841234434218395e-01,-3.625168363171603070e-01
5.061964511871337891e+00,5.135755783011052289e-01,6.233654016391418917e-01
4.951283931732177734e+00,3.955957423669928530e-01,6.977826347823634645e-01
4.789209842681884766e+00,2.608435438590998023e-01,7.683310461287141679e-01
4.589338779449462891e+00,1.147596756332228962e-01,7.961038027231266412e-01
4.760402202606201172e+00,-1.121262187900966822e-01,8.181864315848668134e-01
4.608792781829833984e+00,-2.669435697370364791e-01,7.566819783122575860e-01
4.730107784271240234e+00,-4.845607931306021299e-01,6.712260156177938253e-01
4.718593597412109375e+00,-6.474610465730264997e-01,5.081029280606819132e-01
4.497648715972900391e+00,-7.031359125842633340e-01,2.099284704046151251e-01
4.528173446655273438e+00,-7.589143560433718738e-01,7.726481553349743409e-05
4.700291156768798828e+00,-7.956400840877742020e-01,-8.813281308584310081e-02
4.514244556427001953e+00,-7.243584353932567277e-01,-1.438708754418539792e-01
4.517808437347412109e+00,-5.771034163502803960e-01,-4.667884067454192154e-01
4.554560661315917969e+00,2.086784180730229254e-01,-7.512681380521860630e-01
4.669383049011230469e+00,3.470442915931118422e-01,-6.804867192223623684e-01
4.510759830474853516e+00,3.978286530037684066e-01,-6.198969247953487471e-01
4.721798896789550781e+00,6.664316658427081874e-01,-4.784966406779309067e-01
4.503871440887451172e+00,6.326984229464256426e-01,3.655864618560592527e-01
4.585941314697265625e+00,6.098828148331573162e-01,5.213488594954388544e-01
4.519838809967041016e+00,4.100071273482266410e-01,6.248366345990428172e-01
4.241005897521972656e+00,2.042704269897417102e-01,7.056972115399957612e-01
4.229049205780029297e+00,-1.431066719848008567e-02,7.184767366177661208e-01
4.253971576690673828e+00,-1.687595535105048117e-01,7.301389170207132073e-01
4.139660358428955078e+00,-3.064586232934921051e-01,6.786358602923724392e-01
4.315820217132568359e+00,-3.925541037519911791e-01,6.636824152623235218e-01
4.137151241302490234e+00,-4.386504346248278341e-01,6.011062794372602491e-01
4.292054176330566406e+00,-5.715509911920347852e-01,5.181854956772921073e-01
4.103492736816406250e+00,-6.217368032144682255e-01,3.649515874319824715e-01
4.151819229125976562e+00,-5.713529673013567622e-01,-4.820806299992560495e-01
4.378057479858398438e+00,-5.208072633887281810e-01,-5.400313518308264005e-01
4.206139564514160156e+00,-4.313799934585314522e-01,-5.466373861309450355e-01
4.148356437683105469e+00,3.837583549338379196e-01,-6.409129765822433322e-01
4.082591533660888672e+00,4.652386030860402033e-01,-5.140947007010425729e-01
4.222830772399902344e+00,5.340545492765846891e-01,-4.655741160902529541e-01
4.350586891174316406e+00,7.448301955611769110e-01,-1.540055593237115161e-01
4.173716545104980469e+00,7.183928546553335348e-01,1.376698219214476937e-01
4.324318408966064453e+00,7.348794713980860704e-01,2.302201097947246533e-01
4.365218162536621094e+00,5.731176089889059577e-01,4.919114027314288040e-01
4.138462543487548828e+00,3.366112229769299136e-01,6.650399570640783686e-01
3.956300735473632812e+00,-2.104634658828652694e-01,6.613753037694465320e-01
3.719381809234619141e+00,-4.833485397450665300e-01,4.213355331598241382e-01
3.780413866043090820e+00,-5.811144302032213993e-01,3.135810089487475749e-01
3.974837303161621094e+00,-7.079889297944783610e-01,1.128130705884850815e-01
4.010200500488281250e+00,-7.210564554726524022e-01,-1.161717206662591512e-01
3.934739112854003906e+00,-5.834355278262703948e-01,-3.115307867602669645e-01
3.782089710235595703e+00,-4.963163976145313905e-01,-4.340339850533368460e-01
3.914360046386718750e+00,1.870988161357096113e-01,-6.408481454775840636e-01
3.899263381958007812e+00,3.906238390316987275e-01,-5.621209314454671535e-01
3.834773540496826172e+00,6.703770072052595008e-01,-5.262049092631371910e-02
3.964571714401245117e+00,6.987177941892540600e-01,1.026009174518212608e-01
3.967992782592773438e+00,6.297912206507710886e-01,3.285065887077044389e-01
3.821400880813598633e+00,4.026861997053335918e-01,5.157532060553031705e-01
3.953442573547363281e+00,3.559499282065140546e-01,5.912703495475953863e-01
3.642591238021850586e+00,1.381029488049103637e-01,6.875175193821660979e-01
3.563057422637939453e+00,-9.480191438759956457e-02,6.178226808864151209e-01
3.431434154510498047e+00,-5.558850295898638549e-01,2.783242055028115058e-01
3.630894184112548828e+00,-6.642093484590017027e-01,2.360411701253778138e-01
3.591775655746459961e+00,-6.703073116677178422e-01,-9.195815945933340230e-02
3.524478673934936523e+00,-5.486906968634559512e-01,-2.947003644764861763e-01
3.423865795135498047e+00,-4.583037684610980489e-01,-4.077820139113280673e-01
3.602072000503540039e+00,7.264788291857378344e-02,-6.859146409810081835e-01
3.414175510406494141e+00,1.342728135183863525e-01,-5.924529543715802982e-01
3.713674545288085938e+00,2.111589288191801361e-01,-5.952982658267118588e-01
3.697651386260986328e+00,5.819312366733081499e-01,-2.376225714941709866e-01
3.489120483398437500e+00,6.216489957528148480e-01,-1.773366103953196438e-01
3.565437793731689453e+00,6.299079388576223071e-01,-1.842570898718644615e-02
3.686371088027954102e+00,5.835191405524715602e-01,2.791161898283556764e-01
3.486775636672973633e+00,4.494156463950439440e-01,4.656747503197639082e-01
3.372288465499877930e+00,2.996628507967259436e-01,5.086521001555363020e-01
3.192659854888916016e+00,-2.620311792425029651e-01,4.830095657042963730e-01
3.105647325515747070e+00,-4.123609804696680703e-01,3.381875590829352407e-01
3.118706464767456055e+00,-5.139114758432709040e-01,1.537706119147347616e-01
3.178928852081298828e+00,-5.296954053378802874e-01,-1.285838595612777691e-01
3.039587497711181641e+00,-3.269209012612056542e-01,-4.088614934656068511e-01
3.212838172912597656e+00,8.369962783805169615e-02,-5.502087201092329405e-01
3.058394908905029297e+00,1.456454257040563638e-01,-5.039975732642334449e-01
3.229854106903076172e+00,2.284127345872842274e-01,-5.149657480479727933e-01
3.339493274688720703e+00,4.769574545412511024e-01,-3.423477226087054404e-01
3.330609321594238281e+00,4.541497170483800860e-01,3.724010478289088155e-01
3.228615999221801758e+00,1.985158416166519224e-01,5.258995410662833381e-01
2.708808422088623047e+00,-2.648534601699109939e-02,5.007676699451942826e-01
2.892568588256835938e+00,-2.409050005493952318e-01,4.400047603776477412e-01
2.758546829223632812e+00,-3.646785937790518739e-01,3.605175991329008789e-01
2.950367212295532227e+00,-4.125407181722877126e-01,3.000978972829618785e-01
2.776415824890136719e+00,-4.379772762133541386e-01,-2.564423771960239740e-01
2.841642141342163086e+00,4.725536936536876842e-02,-4.964234251515138308e-01
2.904543399810791016e+00,2.581661781566718106e-01,-4.376530687447479639e-01
2.689915180206298828e+00,3.048901498353793760e-01,-3.783713632998108589e-01
2.857204914093017578e+00,4.109993791436518662e-01,-2.827887171761232499e-01
2.941175699234008789e+00,4.878744994481040709e-01,-1.543775440634514162e-01
2.987771034240722656e+00,4.932039615178454017e-01,1.349446603189670968e-01
2.860099792480468750e+00,4.220289204974280728e-01,2.640543811321526269e-01
2.531371355056762695e+00,5.589784943894801628e-02,4.515107309354101095e-01
2.356151103973388672e+00,-1.993439532166830716e-02,4.392911644113683955e-01
2.459557771682739258e+00,-1.609331936174231981e-01,4.123753065539651486e-01
2.543216228485107422e+00,-3.518429252859504586e-01,3.032576819625520947e-01
2.324022054672241211e+00,-3.787862514649447121e-01,2.300498517860801451e-01
2.658618450164794922e+00,-4.514904676297942232e-01,9.261606412638337393e-02
2.531164169311523438e+00,-4.478611919928440765e-01,-5.640050148365593347e-02
2.335024833679199219e+00,-4.258610711103394952e-01,-1.236049625307295563e-01
2.573056221008300781e+00,3.319849733091026489e-02,-4.764598533103493461e-01
2.447364330291748047e+00,1.678065231018947279e-01,-4.071322968256087527e-01
2.409313201904296875e+00,2.872876865217410813e-01,-3.294850453641601784e-01
2.475256204605102539e+00,4.335841901095676687e-01,-7.947472563964139147e-02
2.354277610778808594e+00,4.199530586901556450e-01,1.314002907410768972e-01
2.422588348388671875e+00,3.073438539531618829e-01,3.140145925954717643e-01
2.554472208023071289e+00,2.050286476538727420e-01,4.238372615657848286e-01
2.023933172225952148e+00,3.329305463737890908e-02,3.895634305357007499e-01
2.226762533187866211e+00,-1.165896386115983230e-01,3.872742912181757480e-01
2.288513183593750000e+00,-2.720561671730193920e-01,3.473788954228612114e-01
2.104258537292480469e+00,-3.433953475748673378e-01,2.000913348914174772e-01
2.005447387695312500e+00,-3.933051977180598846e-01,-1.925407568772314129e-02
2.148579120635986328e+00,-2.893938808861541423e-01,-2.988819105401855358e-01
2.063324213027954102e+00,1.735267315034484670e-01,-3.256463106677670027e-01
2.187057971954345703e+00,2.581698559192897591e-01,-3.094766315752949248e-01
1.761228322982788086e+00,-1.913946515791036668e-02,3.377196163837650755e-01
1.952309250831604004e+00,-9.694494943901703354e-02,3.525881764992414014e-01
1.716829657554626465e+00,-2.104623499695784661e-01,2.378827175876798150e-01
1.761480450630187988e+00,-3.327478836770845216e-01,6.114016199451894479e-02
1.753573298454284668e+00,-2.978550358504377105e-01,-1.582127250955866204e-01
1.867512822151184082e+00,1.762578615993539433e-01,-3.165697442702181119e-01
1.805062770843505859e+00,2.658674596517409672e-01,-1.855464033787324329e-01
1.651419043540954590e+00,2.982834775764373059e-01,1.621013088847073902e-01
1.795813441276550293e+00,1.923839245411645138e-01,2.666977797627343438e-01
1.404790878295898438e+00,3.804206197994441929e-02,2.674517459789503837e-01
1.595018863677978516e+00,-4.705724841628997068e-02,3.231216633027707008e-01
1.552395582199096680e+00,-1.878296961356580308e-01,2.152950626126007017e-01
1.505959630012512207e+00,-2.856324888369529691e-01,8.697022221260716779e-02
1.446074604988098145e+00,-2.762412882239151379e-01,-7.539661773062050765e-02
1.550067663192749023e+00,6.865102815784604462e-02,-2.755495762836226992e-01
1.573918461799621582e+00,2.192516823699241779e-01,-2.163008358261796771e-01
1.536463975906372070e+00,1.698195327074646654e-01,2.305991173074638800e-01
1.212017178535461426e+00,3.314786523371970450e-03,2.289335351010602926e-01
1.244093537330627441e+00,-2.123033863365045293e-01,1.066491321966477612e-01
1.161403059959411621e+00,-2.087297832934225383e-01,-5.984942926028586491e-02
1.125647068023681641e+00,1.023997783207297591e-01,-1.839243389870889034e-01
1.186027169227600098e+00,2.118369440309803842e-01,-6.887569858897162056e-02
1.048743844032287598e+00,7.449082333550102741e-02,1.822939450010377660e-01
6.566748023033142090e-01,-3.539703687454769706e-03,1.295717181015996200e-01
8.507623076438903809e-01,-7.405926551636977939e-02,1.467589893981000870e-01
8.144286274909973145e-01,-1.572726393218105978e-01,3.322221116937423141e-02
6.601933836936950684e-01,-1.260708305708835575e-01,-2.972811076665624747e-02
9.379317760467529297e-01,4.438114591314758217e-02,-1.753998999616789845e-01
9.285805225372314453e-01,1.639552014886403730e-01,-7.241386843609948221e-02
4.989270567893981934e-01,-5.904914084264194923e-02,8.235353080404446413e-02
1.494235545396804810e-01,2.479330264031887054e-02,2.988854981958866466e-02
2.502392530441284180e+00,-2.563466741825097261e-01,-3.523262989104475884e-01
7.034395694732666016e+00,-6.241753568471472002e-01,-8.592338821901146506e-01
5.858500480651855469e+00,-5.708786409065751410e-01,-8.033962082229406665e-01
3.317482948303222656e+00,-3.132693299560996292e-01,-4.962240989433586158e-01
6.461589813232421875e+00,-5.349196842098283833e-01,-8.587013913282666167e-01
2.862031221389770508e+00,-2.843706590207250584e-01,-4.129672116308114038e-01
4.415388107299804688e+00,-3.466354160470391799e-01,-6.597264258459046848e-01
7.060424804687500000e+00,-4.928990343653005257e-01,-9.423650307986805030e-01
5.404308319091796875e+00,-4.544343748318478426e-01,-7.692537502430109031e-01
3.584609031677246094e+00,-2.748206810774594389e-01,-6.059428884389558290e-01
2.092142820358276367e+00,-1.452886285061279203e-01,-3.609995367763773055e-01
5.645997047424316406e+00,-3.763284681683535249e-01,-9.420155201115246735e-01
4.588925361633300781e+00,-2.717832084517253777e-01,-7.502589331094913216e-01
5.942131519317626953e+00,-3.229667895923551413e-01,-8.947500769054050895e-01
6.507084369659423828e+00,-3.904533750842797413e-01,-9.113456951183783739e-01
5.221518516540527344e+00,-3.294534773477678091e-01,-7.834556847358444820e-01
1.167644500732421875e+00,-6.433774577014035601e-02,-2.089568308949470987e-01
6.619233608245849609e+00,-2.936826478432935650e-01,-1.022282410164219169e+00
6.886635780334472656e+00,-3.391017881985398108e-01,-1.001786842463005422e+00
2.663879156112670898e+00,-1.146543030200911917e-01,-4.475968776644874692e-01
7.046272754669189453e+00,-2.375553838323958000e-01,-1.035724903103133698e+00
7.559629082679748535e-01,-2.726891553382078046e-02,-1.545735127232637507e-01
6.487731456756591797e+00,-1.810823236698135552e-01,-9.849718067896893192e-01
5.592212677001953125e+00,-1.510793359382933965e-01,-9.757927958078326247e-01
5.785616874694824219e+00,-1.887922285749082107e-01,-9.204607796825320376e-01
2.251076936721801758e+00,-8.748659275393561030e-02,-4.150195886319453242e-01
6.225829601287841797e+00,-1.296102677805377190e-01,-9.754519082012489406e-01
4.913851737976074219e+00,-1.140763485478827194e-01,-7.971228930380849231e-01
3.319751262664794922e+00,-8.089549870244205909e-02,-5.812900576500377170e-01
3.917781829833984375e+00,-2.782976537656393218e-02,-6.623812944596774166e-01
5.254514217376708984e+00,-4.591293750050243899e-02,-8.658023536940038234e-01
1.760647773742675781e+00,-1.065695555644989405e-02,-3.379597280622982369e-01
6.645386219024658203e+00,-7.919033250590347406e-02,-1.029215630728397501e+00
4.580207824707031250e+00,1.043564009596184734e-02,-7.960337631515224111e-01
5.062963962554931641e+00,3.542676305285825944e-02,-8.116783830563850666e-01
7.254402160644531250e+00,-1.190977264195676802e-02,-1.075972080230712891e+00
3.060060977935791016e+00,-5.398267344646922976e-03,-5.250923406964498330e-01
7.390196800231933594e+00,-1.088917374610900879e+00,-7.240071147680300634e-02
7.447464942932128906e+00,4.572367966175078791e-01,9.782320857048034668e-01
7.455492019653320312e+00,1.014669299125671609e+00,3.548590838909149170e-01
7.458910465240478516e+00,1.072236657142639160e+00,-2.700604498386383057e-02
7.480072975158691406e+00,-8.225063681602476917e-01,-6.553619503974915661e-01
7.484938621520996094e+00,-9.267723560333251953e-01,-4.819028377532960095e-01
7.495725154876708984e+00,-6.722577810287475586e-01,-7.680583000183106579e-01
7.497906208038330078e+00,4.586111903190612793e-01,-9.022092223167419434e-01
7.498074531555175781e+00,-2.379287779331206443e-01,-9.829169511795043945e-01
7.448604106903076172e+00,-8.385554701089863172e-02,-1.075873017311096191e+00
7.497427463531494141e+00,4.569914564490312747e-02,-1.013277649879455788e+00
7.499979019165039062e+00,-9.926753044128417969e-01,4.568840563297284912e-02
7.498663902282714844e+00,-3.544388115406035822e-01,-6.137507557868958630e-01
7.497444152832031250e+00,-6.073111295700073242e-01,-3.531776368618010364e-01
7.463053703308105469e+00,3.750513792037963867e-01,5.276423692703247070e-01
7.433024883270263672e+00,5.721377581357950382e-02,6.279952526092529297e-01
7.424721717834472656e+00,-6.154986023902893066e-01,1.251184046268463412e-01
7.412580966949462891e+00,5.667049288749694824e-01,2.654355168342590332e-01
7.404026985168457031e+00,-2.733934819698334850e-01,5.620955228805541992e-01
6.029248714447021484e+00,4.795519709587097168e-01,-3.533215820789337158e-01
6.039608001708984375e+00,9.910918772220615736e-02,-5.964850187301635742e-01
6.050626754760742188e+00,-5.638071894645690918e-01,-2.378517389297485352e-01
6.000000000000000000e+00,1.817158609628677923e-01,-4.012057483196258545e-01
6.000000000000000000e+00,1.757733225822448730e-01,-1.767966151237487515e-01
6.000000000000000000e+00,1.761206686496734619e-01,3.097175620496273041e-03
6.000000000000000000e+00,3.108225166797637939e-01,-3.520765900611877441e-01
6.000000000000000000e+00,3.497831523418426514e-01,-8.282813429832459884e-02
6.000000000000000000e+00,2.851616740226745605e-01,1.967317909002304077e-01
6.000000000000000000e+00,3.329097926616669256e-01,3.399218916893005371e-01
6.000000000000000000e+00,1.547944098711014072e-01,4.638976156711578369e-01
6.000000000000000000e+00,-1.574490591883659363e-02,5.194252133369445801e-01
6.000000000000000000e+00,-1.748631447553634644e-01,4.364508390426635187e-01
6.000000000000000000e+00,-1.534747332334517600e-01,-2.765069603919982910e-01
6.000000000000000000e+00,-2.706520557403564453e-01,9.431547671556470003e-02
6.000000000000000000e+00,-4.532373845577239990e-01,-8.288848400115966797e-02
6.000000000000000000e+00,-3.471176624298095148e-01,-2.951761186122894842e-01
6.000000000000000000e+00,-1.798892170190810880e-01,-4.398335814476013184e-01
6.000000000000000000e+00,-3.901943331584296643e-03,-3.549946248531342108e-01
7.165874481201171875e+00,-8.910672366619104556e-02,6.184831857681274414e-01
6.825619220733642578e+00,-2.167449742555618009e-01,5.857554674148559570e-01
6.347642421722412109e+00,-2.281391769647598544e-01,5.817707180976867676e-01
7.301342487335205078e+00,-3.844572305679321844e-01,4.926249086856842041e-01
6.268685340881347656e+00,-5.232630372047425427e-01,3.417114913463591974e-01
7.215307235717773438e+00,-5.564869046211243786e-01,2.840376496315001886e-01
7.388498783111572266e+00,-5.624144673347472034e-01,2.725043296813965954e-01
6.537026405334472656e+00,-6.175606846809387207e-01,9.314318001270290026e-02
7.243112564086914062e+00,-6.247786283493041992e-01,-7.596281357109451252e-03
6.827123165130615234e+00,-6.047834157943725586e-01,-1.565327197313308716e-01
6.188034534454345703e+00,-6.099060177803038441e-01,-1.354855149984358909e-01
7.285516738891601562e+00,-5.383017063140869141e-01,-3.170726001262664795e-01
6.423782348632812500e+00,-5.486265420913697399e-01,-2.993244528770445667e-01
6.878030300140380859e+00,-4.701806902885437012e-01,-4.114815890789031427e-01
6.292217254638671875e+00,-4.667528271675111529e-01,-4.156466722488402765e-01
7.385045528411865234e+00,-4.244215786457062323e-01,-4.585745930671690784e-01
7.234528541564941406e+00,-3.242137730121611439e-01,-5.342922210693360485e-01
6.722692489624023438e+00,-2.417932599782943448e-01,-5.760320425033569336e-01
7.296277523040771484e+00,5.648119002580648945e-02,-6.223954558372498669e-01
7.167190074920654297e+00,4.345817565917968750e-01,-4.491322040557860773e-01
6.878521919250488281e+00,4.562569856643676758e-01,-4.265712201595305841e-01
7.086513996124267578e+00,6.093513965606689453e-01,-1.370566338300704956e-01
7.285231590270996094e+00,6.217194795608520508e-01,-6.295716017484663529e-02
6.602980613708496094e+00,5.271825194358825684e-01,3.353913724422454834e-01
6.924813270568847656e+00,4.932257533073424738e-01,3.835377991199493408e-01
6.439518451690673828e+00,4.866265952587127686e-01,3.915397524833679754e-01
7.071357727050781250e+00,4.102982580661773682e-01,4.709100127220153253e-01
7.011809349060058594e+00,2.598867714405060925e-01,5.679208636283874512e-01
7.306924343109130859e+00,2.035664469003677923e-01,5.907279253005981445e-01
7.208787918090820312e+00,7.800710946321490202e-02,6.196959018707275391e-01
7.057158470153808594e+00,2.329081110656261097e-02,6.241072416305541992e-01
6.219118595123291016e+00,-6.627747416496281019e-02,-6.213241219520567737e-01
6.700575828552246094e+00,-9.940328449010851775e-02,-6.169000267982481800e-01
6.929116725921630859e+00,-1.416107565164566318e-01,-6.087144017219543457e-01
6.221980094909667969e+00,-6.217620968818663441e-01,6.203560903668411258e-02
6.316681861877441406e+00,-4.110245108604430042e-01,4.704545140266419567e-01
6.208655834197998047e+00,-3.229204416275024414e-01,5.350399613380432129e-01
6.121111869812011719e+00,1.384292691946029941e-01,6.094101071357727051e-01
6.179906368255615234e+00,2.996081709861755371e-01,5.482422709465026855e-01
6.181025505065917969e+00,6.155168414115906872e-01,1.077219471335411072e-01
6.268642902374267578e+00,5.446808934211730957e-01,-3.063237667083739679e-01
6.144726276397705078e+00,2.421102821826935647e-01,-5.760046243667602539e-01
6.986373901367187500e+00,-2.482583075761795877e-01,5.731338262557983398e-01
6.535714626312255859e+00,-2.698270082473754328e-01,5.634647011756898083e-01
6.678419589996337891e+00,-3.414491415023802601e-01,5.229434967041016735e-01
7.034066200256347656e+00,-5.788105726242065430e-01,2.345884591341018954e-01
6.437384605407714844e+00,-5.759896636009215198e-01,2.415876090526581643e-01
6.745525360107421875e+00,-6.233887076377868652e-01,3.895296901464449096e-02
6.590816497802734375e+00,-6.213302612304687500e-01,-6.576447933912274446e-02
6.939843654632568359e+00,-6.243085861206054688e-01,-2.697157487273203064e-02
7.035747528076171875e+00,-5.924195051193237305e-01,-1.979671865701674305e-01
6.847351074218750000e+00,-5.569089055061340332e-01,-2.827433049678803600e-01
6.717551708221435547e+00,-3.889024555683135431e-01,-4.888498485088349499e-01
7.003025054931640625e+00,-2.920965552330016535e-01,-5.520709156990052380e-01
6.541836261749267578e+00,-1.824305206537246704e-01,-5.975614190101623535e-01
7.349155902862548828e+00,-1.822320073843002597e-01,-5.976660251617431641e-01
6.501951217651367188e+00,7.944370619952650925e-03,-6.246954798698425293e-01
6.670010566711425781e+00,1.178482398390769542e-01,-6.133228540420532227e-01
6.548584938049316406e+00,2.722148299217224676e-01,-5.623942613601684570e-01
6.947309970855712891e+00,3.392872512340546209e-01,-5.243434906005860485e-01
6.348065376281738281e+00,4.724161326885223944e-01,-4.089359045028687079e-01
6.586268424987792969e+00,5.742965936660765491e-01,-2.457883208990096768e-01
6.936255455017089844e+00,6.040241122245787464e-01,-1.597775518894195279e-01
6.611073970794677734e+00,6.232828497886657715e-01,-4.033179953694344261e-02
6.694343090057373047e+00,6.159417033195495605e-01,1.036248356103897095e-01
6.800658226013183594e+00,5.628572702407836914e-01,2.707295715808868408e-01
6.576419353485107422e+00,3.951556682586670477e-01,4.840832352638244074e-01
6.354434967041015625e+00,2.901816070079803467e-01,5.531915426254273571e-01
6.581356525421142578e+00,1.997455507516860962e-01,5.918608903884887695e-01
7.500000476837158203e+00,-2.841372974216944958e-02,7.767689824104309082e-01
7.500000476837158203e+00,-2.047627568244933527e-01,8.460508584976196289e-01
7.500000476837158203e+00,-4.433455467224122759e-01,8.548093438148498535e-01
7.500000476837158203e+00,-5.996156334877013050e-01,7.505607008934022106e-01
7.500000476837158203e+00,-8.399660587310791016e-01,-8.992438018322002069e-02
7.500000476837158203e+00,-4.917785525321961559e-01,-7.825439572334288441e-01
7.500000476837158203e+00,-6.268674880266197902e-02,-8.692514896392822266e-01
7.500000476837158203e+00,1.386383473873137318e-01,-8.693034648895263672e-01
7.500000476837158203e+00,5.303101539611816406e-01,-7.154211997985838734e-01
7.500000476837158203e+00,6.898559927940368652e-01,-7.047621607780456543e-01
7.500000476837158203e+00,8.948723673820495605e-01,-3.103554546833038330e-01
7.500000476837158203e+00,7.171376943588256836e-01,-1.551184952259063721e-01
7.500000476837158203e+00,8.985061049461364746e-01,-1.091247648000717163e-01
7.500000476837158203e+00,9.778813123703002930e-01,1.099965721368789673e-01
7.500000476837158203e+00,8.777921199798583984e-01,4.080679118633269709e-01
7.500000476837158203e+00,2.140613496303557794e-01,7.235141396522521973e-01
7.500000476837158203e+00,5.992354154586791992e-01,-4.832366108894347589e-01
7.360981941223144531e+00,3.279628157615661621e-01,1.037364721298217773e+00
7.334191799163818359e+00,8.059189319610595703e-01,7.265015840530394398e-01
7.325207710266113281e+00,9.118041396141052246e-01,5.862645506858826794e-01
7.310559749603271484e+00,1.054521441459655762e+00,2.435050308704376221e-01
7.327666759490966797e+00,1.082695841789245383e+00,5.690025165677069230e-02
7.227068901062011719e+00,1.065055646666300593e+00,-2.906813283557372896e-01
7.352574825286865234e+00,8.875322341918945312e-01,-6.276400089263914905e-01
7.368273735046386719e+00,1.096179857850075046e-01,-1.083218932151794434e+00
7.359523296356201172e+00,-2.557477355003358044e-01,-1.057282328605651633e+00
7.331550598144531250e+00,-7.554174065589903675e-01,-7.782930135726929821e-01
7.312401294708251953e+00,-9.644702076911927380e-01,-4.914554059505462646e-01
7.259317874908447266e+00,-1.003923296928405762e+00,3.884873092174528364e-01
7.342204570770263672e+00,-5.411121249198911354e-01,9.414451718330384411e-01
7.289831638336181641e+00,-3.682432770729064386e-01,1.015206098556518777e+00
7.375271797180175781e+00,-1.938405632972717008e-01,1.072153329849243164e+00
3.914180278778076172e+00,2.018351344735278829e-01,6.386384118359926809e-01
2.729495763778686523e+00,1.529312958026231017e-01,4.867595474577517956e-01
6.018810749053955078e+00,3.587244779177452547e-01,9.542358728865557582e-01
4.577283382415771484e+00,2.938633406985455832e-01,7.443911387947277358e-01
2.892314434051513672e+00,1.326359425931697145e-01,4.847806769496743051e-01
6.844184875488281250e+00,2.833597020912676512e-01,1.006781702173154436e+00
3.747489929199218750e+00,2.637777046586063934e-01,6.136836348821973486e-01
6.513312816619873047e+00,4.222290774657273538e-01,9.081653214921394657e-01
4.352168560028076172e+00,3.278940933378270417e-01,6.852684591857837182e-01
3.548145532608032227e+00,2.814658934499609799e-01,5.258188044697170715e-01
2.272579431533813477e+00,2.107750940649224802e-01,3.820262928846565043e-01
6.383326530456542969e+00,5.572183093407917509e-01,8.597052929749842143e-01
5.693759441375732422e+00,5.053570926978960820e-01,7.643810935724720812e-01
2.034050941467285156e+00,2.093448307003337450e-01,3.255160880819849001e-01
5.512934207916259766e+00,5.299298560517713419e-01,7.697819765023089511e-01
4.697556972503662109e+00,4.712534621811277913e-01,6.497396734289476727e-01
6.905522823333740234e+00,6.241003176271016084e-01,8.491355722993209065e-01
3.153409481048583984e+00,3.365934981069035326e-01,4.232196389902757039e-01
2.717619895935058594e+00,3.212477591546429312e-01,3.902064915233484643e-01
4.836707592010498047e+00,5.378964995911580393e-01,5.808573262462164433e-01
4.115877628326416016e+00,4.817985078866345305e-01,5.546551079325738876e-01
2.934767484664916992e+00,3.408405300537278859e-01,3.796439953464472161e-01
5.917811393737792969e+00,6.695694213417391349e-01,6.610008364789269342e-01
3.659884929656982422e+00,4.845871962542215861e-01,4.852191371614456572e-01
6.741461277008056641e+00,8.181343565145545726e-01,7.398024887911848202e-01
5.548251628875732422e+00,6.271365578475543989e-01,6.089957333573682297e-01
3.926307916641235352e+00,4.763752278617431335e-01,4.465273968894881151e-01
9.070888757705688477e-01,1.273714877783901078e-01,1.201133928192528455e-01
5.371233940124511719e+00,6.861507548087825148e-01,5.509869486000168459e-01
2.570715188980102539e+00,3.800579619212554050e-01,2.917752600890220482e-01
5.841459751129150391e+00,7.812457889067423444e-01,5.748255321102198057e-01
5.082387447357177734e+00,6.583432538504170317e-01,4.722567478656389262e-01
2.170612812042236328e+00,3.294172487811816707e-01,2.438053649238551279e-01
7.171633243560791016e+00,9.052578901347246854e-01,5.876721594296997475e-01
6.451007843017578125e+00,8.511008528347057123e-01,5.567166786076866991e-01
4.272284984588623047e+00,6.554604670747103956e-01,3.939505301021716810e-01
3.105109691619873047e+00,4.544893413859963371e-01,2.740065032419100044e-01
5.245689392089843750e+00,7.485433710263844631e-01,4.265433994515573368e-01
3.529323339462280273e+00,5.351612756281495242e-01,3.098337022780381922e-01
6.750810623168945312e+00,9.897960095032515282e-01,4.823039332778144561e-01
5.748770713806152344e+00,8.558452142671756357e-01,4.356328440355362597e-01
4.882677078247070312e+00,7.063110184922487544e-01,3.644977424925919807e-01
4.132740974426269531e+00,6.637503121331967959e-01,3.375069996591454347e-01
3.240647792816162109e+00,5.033692676403905830e-01,2.616748603139606444e-01
7.000803470611572266e+00,9.545972983882200502e-01,4.324329754166094109e-01
5.582922935485839844e+00,8.746767857843240623e-01,4.114327296938835588e-01
5.027024269104003906e+00,7.355152116267135165e-01,3.290715032769584991e-01
1.898088932037353516e+00,3.265604785798521537e-01,1.512998334382189558e-01
4.730885028839111328e+00,7.666461660104719744e-01,3.057767158062734691e-01
3.840400695800781250e+00,6.295752020168167151e-01,2.552444424966228143e-01
1.227168202400207520e+00,2.155936215472009920e-01,8.859223751713649064e-02
5.928877830505371094e+00,8.744091298918703625e-01,2.814881605670115361e-01
2.536522388458251953e+00,4.391702957804783369e-01,1.291213720441132806e-01
3.318220078945159912e-01,-7.654064693936449282e-02,1.164424303593841227e-02
5.116961598396301270e-01,-6.710234854369644120e-02,-7.935099672042558727e-02
4.305904209613800049e-01,9.005913615563744534e-02,-1.999614285836882194e-02
6.259051561355590820e-01,1.001924446036527167e-01,-8.290449746757973248e-02
7.912507057189941406e-01,1.588296704168969120e-01,-1.866006992094701444e-02
1.030006051063537598e+00,-1.430776014337517277e-01,1.303221200770094124e-01
1.016659498214721680e+00,-1.915256196331157346e-01,-2.009511482349676109e-02
1.023291349411010742e+00,-1.195821880221204364e-01,-1.525024992837699933e-01
1.299969553947448730e+00,-2.050513917596497315e-01,-1.451307999544834970e-01
1.314827919006347656e+00,-5.712318046801444227e-02,-2.467664435980055082e-01
1.297582268714904785e+00,1.137464903863614069e-01,-2.234795935944988710e-01
1.087979316711425781e+00,1.964864123632129866e-01,5.255544834728650971e-02
1.381664395332336426e+00,-1.349292630461109421e-01,2.260750292067731926e-01
1.603715181350708008e+00,-3.308133017316559066e-01,-3.582634713830824824e-02
1.537600994110107422e+00,-1.690097098993129099e-01,-2.296613973011798759e-01
1.425823926925659180e+00,2.361189911928810170e-01,-1.470323310136906758e-01
1.609112858772277832e+00,3.236236513820259786e-01,-8.934586166885254144e-02
1.358303546905517578e+00,2.583809916677082819e-01,-7.825131764314756377e-03
1.504781126976013184e+00,2.879054558692776267e-01,7.754099759384545931e-02
1.863222479820251465e+00,-2.808856785144379087e-01,2.294416945457746215e-01
1.957604885101318359e+00,-2.826047639239152587e-01,-2.407675192112460338e-01
1.705599665641784668e+00,-1.840056978349019212e-01,-2.455047687543865653e-01
1.916738033294677734e+00,-1.407236656548987719e-01,-3.201387710180667034e-01
1.959799051284790039e+00,3.699222731578256651e-01,-4.478291633953866702e-02
1.724416494369506836e+00,3.221918839755423813e-01,2.915220293575554802e-02
2.046570539474487305e+00,-2.140686534612808445e-01,3.144732450813459979e-01
2.221133708953857422e+00,-3.935602315121899952e-01,6.920507058355877816e-02
2.157110214233398438e+00,-4.046715318030664199e-01,-9.435015782491222580e-02
2.298476934432983398e+00,-3.041376918758224579e-01,-3.243286907779290851e-01
2.085081338882446289e+00,1.459415032095776402e-02,-3.822099015911159525e-01
2.293059349060058594e+00,1.141520100471941912e-01,-4.283966988076929883e-01
2.098981857299804688e+00,3.410639410018077022e-01,-1.982279220925130814e-01
2.284792423248291016e+00,4.167836797808638361e-01,-1.443972721977275220e-01
2.208117485046386719e+00,3.879207618326724893e-01,3.674809092070337180e-02
2.509938955307006836e+00,-4.047126928429399251e-01,1.719497294970208923e-01
2.379937171936035156e+00,-4.365832733150177281e-01,3.736937681983238529e-02
2.584901332855224609e+00,-3.837281183743887492e-01,-2.890106561216729264e-01
2.423955678939819336e+00,-9.721214002730353687e-02,-4.267798729214461462e-01
2.525047302246093750e+00,3.797216180062456536e-01,-2.394595580306622395e-01
2.611461639404296875e+00,4.837726497962880901e-01,-1.396306876808042427e-02
2.880097866058349609e+00,-4.663726533608618385e-02,4.973987092353578388e-01
2.706215143203735352e+00,-1.978395153962400066e-01,4.593202193961802848e-01
2.815793991088867188e+00,-4.870893298584236808e-01,1.024484644828982244e-01
2.753256797790527344e+00,-5.066335445769882817e-01,-5.443194425076026965e-02
2.898676395416259766e+00,-4.932148021030850482e-01,-1.273218779438447801e-01
2.677859783172607422e+00,-3.031755745013082204e-01,-3.652519919150619132e-01
2.908035516738891602e+00,-1.092184958242542608e-01,-4.978925705261759704e-01
2.728802680969238281e+00,1.296172177497459665e-01,-4.908498090860107799e-01
2.719590902328491211e+00,4.731518027503379131e-01,-1.771063626285024062e-01
2.865041494369506836e+00,4.988666154382524476e-01,-1.776981888516387248e-02
2.764478921890258789e+00,4.925127733863217117e-01,1.352900983908546795e-01
3.082461357116699219e+00,-1.195653325259834511e-02,5.263083233789476179e-01
3.207751512527465820e+00,-9.279403644933134632e-02,5.462907033120193434e-01
3.044804811477661133e+00,-1.572247812094967057e-01,4.951717316161622362e-01
3.040257930755615234e+00,-2.914768183118770506e-01,4.291355214206998281e-01
3.301804304122924805e+00,-4.031747691309965353e-01,4.246209633683715734e-01
3.276139020919799805e+00,-5.020372859970287927e-01,2.899850545611039054e-01
3.249033927917480469e+00,-5.655648194634392834e-01,6.935359016884388994e-02
3.022430419921875000e+00,-5.205081425278059726e-01,-2.456885016641760684e-03
3.019245386123657227e+00,-4.324509986769812242e-01,-2.873667856069069271e-01
3.184030294418334961e+00,-3.981489683637822741e-01,-3.745314837469063685e-01
3.150457143783569336e+00,-1.353786874760901648e-01,-5.210673636484288718e-01
3.204326868057250977e+00,3.724709296056212815e-01,-4.091841324026195270e-01
3.086468696594238281e+00,4.488196261427499500e-01,-2.725444974233944273e-01
3.247093200683593750e+00,5.276282112079251352e-01,-2.163576159524822629e-01
3.160615682601928711e+00,5.412870407126701977e-01,1.877510154411305907e-02
3.402635574340820312e+00,1.375629014055653465e-01,5.858403412849055858e-01
3.418068408966064453e+00,-2.012316560253181105e-02,6.112421029769677938e-01
3.342801809310913086e+00,-2.410669696618797930e-01,5.358729654665300712e-01
3.498299121856689453e+00,-3.512159594911936633e-01,5.412996051710454726e-01
3.511430978775024414e+00,-4.725920227718257705e-01,4.280240834821392171e-01
3.613348245620727539e+00,-6.966771131892092184e-01,6.263765779446267556e-02
3.405460357666015625e+00,-6.006763804572210486e-01,-1.961428007222370401e-02
3.326748609542846680e+00,-5.306557204826758412e-01,-2.504269229694762733e-01
3.582284927368164062e+00,-4.981284206746252607e-01,-4.352697046545514481e-01
3.434288501739501953e+00,-2.009566557395275344e-01,-5.878287057374299573e-01
3.564170122146606445e+00,-1.164383821857099127e-01,-6.172801773059132247e-01
3.538589715957641602e+00,2.622394064476520348e-01,-5.453098049096490874e-01
3.389766454696655273e+00,3.229127423157900356e-01,-4.992462224401728599e-01
3.530543088912963867e+00,3.979605214546189096e-01,-4.704243740142514119e-01
3.512664079666137695e+00,5.230885053636885607e-01,-3.604413546351353248e-01
3.392089605331420898e+00,5.868193393694235427e-01,1.045233682709960782e-01
3.798107385635375977e+00,-7.476155687294533739e-03,6.419471667953612348e-01
3.646285772323608398e+00,-2.580380970175870647e-01,6.493678263219870850e-01
3.808394193649291992e+00,-3.015244089068982447e-01,5.583951287137002284e-01
3.867160320281982422e+00,-4.802151530746247565e-01,5.084821439357521955e-01
3.934671640396118164e+00,-5.938631959701915486e-01,2.834331207626187288e-01
3.811308860778808594e+00,-6.257481255326260428e-01,1.318359544798581584e-01
3.835076332092285156e+00,-6.642465149048432105e-01,-9.410364342622967726e-02
3.730960607528686523e+00,-6.092248147235258537e-01,-2.400690989403709563e-01
3.940509796142578125e+00,-4.323954958124646142e-01,-5.130113537520872846e-01
3.759957313537597656e+00,-3.654769461591861890e-01,-5.612193902142018631e-01
3.945931673049926758e+00,-2.953890457365610511e-01,-6.121932678197162803e-01
3.816409111022949219e+00,-2.065919290145679654e-01,-6.114520674577356152e-01
3.751543283462524414e+00,2.981694984213467681e-02,-6.683419100926472067e-01
3.759261131286621094e+00,4.038377634550653905e-01,-5.345403973971110112e-01
3.836557388305664062e+00,5.219475061701949192e-01,-4.267202695508204302e-01
3.911390066146850586e+00,6.390595053196839181e-01,-2.077908296013668554e-01
3.777769088745117188e+00,6.536714208954855776e-01,1.072022104402513415e-01
4.104609012603759766e+00,1.118098817638884523e-01,7.141632621378321000e-01
4.003676414489746094e+00,1.669358533456872726e-02,7.310350967531776822e-01
4.017849922180175781e+00,-5.001377439798684321e-01,5.274831074149151089e-01
4.250401973724365234e+00,-7.021562754478603008e-01,2.510652989013482106e-01
4.152994155883789062e+00,-7.413478059034807055e-01,1.284826107876539149e-02
4.211716651916503906e+00,-6.730478490418817517e-01,-1.504387464300603050e-01
4.096915721893310547e+00,-6.521135721630524351e-01,-2.948678684942238615e-01
4.139940261840820312e+00,-3.358212128693032761e-01,-6.689107205578043169e-01
4.194040298461914062e+00,-4.601620413054706600e-03,-7.112637528118844754e-01
4.075011253356933594e+00,1.474421684636174068e-01,-6.646784352003862750e-01
4.243596553802490234e+00,2.361229651724066625e-01,-6.988770555149439456e-01
3.984799861907958984e+00,6.085324940457591536e-01,-3.959784408965891234e-01
4.264546394348144531e+00,6.819133142721410801e-01,-3.345225237473760105e-01
4.110571861267089844e+00,6.901874577885073192e-01,-2.396397009146938872e-01
4.063787937164306641e+00,6.727338586761457684e-01,-6.542395057225512678e-02
4.378970146179199219e+00,7.088703436346822928e-02,7.484879721116344253e-01
4.571482658386230469e+00,-1.087346579675208535e-01,7.906877860550214354e-01
4.401325225830078125e+00,-1.711037011127518048e-01,7.295734042381755158e-01
4.500761032104492188e+00,-3.789161283448805317e-01,6.259310869537058064e-01
4.414538383483886719e+00,-5.102231483953415525e-01,5.495689220984985024e-01
4.524133205413818359e+00,-6.247821684675101128e-01,4.214163608812288575e-01
4.335112094879150391e+00,-6.701131365384034311e-01,3.699162380110414539e-01
4.314227104187011719e+00,-7.744602957317178182e-01,-7.511743907142800526e-03
4.385338306427001953e+00,-7.035899784493668818e-01,-2.533668140593160478e-01
4.520945072174072266e+00,-6.707441650936875055e-01,-3.242561637241549444e-01
4.306925296783447266e+00,-6.616640412265017979e-01,-4.040338946936012920e-01
4.290361881256103516e+00,-2.007337503564469439e-01,-7.472866384868114276e-01
4.504242420196533203e+00,-1.165807355417671359e-01,-7.212865350540933473e-01
4.366385936737060547e+00,1.015725232191889010e-01,-7.474406654577513409e-01
4.398629665374755859e+00,2.644748136225078539e-01,-6.984973784078751802e-01
4.370006084442138672e+00,4.804480211996925432e-01,-5.802766797407836741e-01
4.484089374542236328e+00,5.763962785804153111e-01,-4.652550442926516872e-01
4.514073371887207031e+00,7.179672983883701454e-01,-1.801431334101914472e-01
4.351172924041748047e+00,7.590552771550004296e-01,4.183157076091695292e-02
4.487416267395019531e+00,7.275449220078840096e-01,1.322363060049855099e-01
4.710279941558837891e+00,5.598519021315596922e-02,8.136427678780800976e-01
4.804870605468750000e+00,-3.425070736726382736e-01,7.255687898720715179e-01
4.759713172912597656e+00,-7.819885018416423694e-01,2.683830567372520459e-01
4.658415794372558594e+00,-7.474418427237856655e-01,1.048335645167990521e-01
4.867939472198486328e+00,-7.849464584886419738e-01,-1.493240119034009994e-01
4.734963417053222656e+00,-7.737581848053489697e-01,-2.769893733941221625e-01
4.854784011840820312e+00,-7.173705375665921924e-01,-3.466345883037277309e-01
4.692545413970947266e+00,-6.779634284630092766e-01,-4.107509272105264175e-01
4.652730941772460938e+00,-5.053413141303418898e-01,-5.700283474725411637e-01
4.690968036651611328e+00,-3.962363130159706204e-01,-6.851100880218631284e-01
4.910044670104980469e+00,-3.232019151272693125e-01,-7.375778654136179169e-01
4.739271163940429688e+00,-1.892532300881944463e-01,-8.019942854328141468e-01
4.790125370025634766e+00,-1.307775108450417653e-02,-8.104826072762489897e-01
4.694830417633056641e+00,1.426967154476640465e-01,-7.837920070274891904e-01
4.878538131713867188e+00,4.376696335679944871e-01,-6.660909009669043757e-01
4.899197578430175781e+00,6.207538700265491372e-01,-5.058405952402396100e-01
4.614573955535888672e+00,7.327527575186235653e-01,-3.119275008435800078e-01
4.805814266204833984e+00,7.708889839100614427e-01,-2.245094633328249545e-01
4.644648075103759766e+00,7.679229395117765922e-01,-7.269372258357546801e-02
4.876343250274658203e+00,7.945510016307364420e-01,-1.298355831504185553e-03
4.756600379943847656e+00,8.213944738817190450e-01,7.849840103690171322e-02
4.866533756256103516e+00,7.735152589182282545e-01,1.721186975065403246e-01
5.079535007476806641e+00,1.899145034118372710e-01,7.882504865235409053e-01
5.090653896331787109e+00,-1.791105270606908606e-01,7.951528770072254781e-01
5.044616699218750000e+00,-3.352271298364658536e-01,7.320795971364403298e-01
5.251745700836181641e+00,-5.592211567955134299e-01,6.581743491095415344e-01
4.975224018096923828e+00,-6.111115574192826916e-01,5.156320455770515565e-01
5.149658679962158203e+00,-6.975169836088939146e-01,4.463329984434801223e-01
5.193212985992431641e+00,-8.040813831403607059e-01,2.315851545620049023e-01
5.182022094726562500e+00,-8.338023269427063955e-01,1.396811383850999483e-02
5.147505760192871094e+00,-7.665942786476849236e-01,-2.968325734448036823e-01
5.051459789276123047e+00,-5.980192944013646983e-01,-5.515282657140799794e-01
5.022205829620361328e+00,-4.369448498784648804e-01,-6.796134830050363229e-01
5.071916580200195312e+00,-1.329904540729615336e-01,-8.016851754055143164e-01
5.094426155090332031e+00,2.358858813755720096e-01,-7.757932819416077930e-01
5.030052185058593750e+00,4.437418846055597998e-01,-6.756368050512844281e-01
5.113649368286132812e+00,5.643069284975114064e-01,-5.898891337016262115e-01
5.208119392395019531e+00,6.813692786421713388e-01,-4.964043269876526332e-01
5.179543495178222656e+00,7.686736920768106884e-01,-3.189410278110547114e-01
5.012502193450927734e+00,7.803902386105273647e-01,-1.895336781590681863e-01
5.175597667694091797e+00,8.226324564381338744e-01,-1.190693500535911914e-01
5.176799774169921875e+00,8.305281017121441955e-01,4.122059508810337058e-02
5.022362709045410156e+00,7.973143168993220842e-01,1.125555243581606440e-01
5.522253513336181641e+00,1.726436548127186776e-01,9.044767565789699759e-01
5.409583091735839844e+00,2.767205361793041718e-02,8.998360690187484634e-01
5.473904132843017578e+00,-1.443529989744694320e-01,9.426746780669091885e-01
5.317940235137939453e+00,-4.423827928502290785e-01,7.619075639212196105e-01
5.532626628875732422e+00,-6.438066159412665357e-01,6.315477612050562906e-01
5.472157001495361328e+00,-8.280014886868699575e-01,4.730340627648780272e-01
5.381547451019287109e+00,-8.810690599064474604e-01,7.559523220633403151e-02
5.479683399200439453e+00,-9.450621693042369209e-01,-1.066507279119353474e-01
5.325217723846435547e+00,-8.218290438521613783e-01,-3.140767403763151111e-01
5.325650215148925781e+00,-7.466954039309127156e-01,-4.651350431768975224e-01
5.543969154357910156e+00,-5.307745129094050274e-01,-6.947163182810243143e-01
5.396675586700439453e+00,-2.729110050613829386e-01,-8.453807604561808242e-01
5.433976173400878906e+00,-1.090677609219451033e-01,-9.140077199106246830e-01
5.422217369079589844e+00,5.760387948884995168e-01,-7.041649758950571103e-01
5.392866134643554688e+00,7.979224674439426845e-01,-3.880161680653076983e-01
5.346414089202880859e+00,8.611831437275371259e-01,-1.728072377970184537e-01
5.460813999176025391e+00,9.416802352707345225e-01,8.750547331634456194e-02
5.763753890991210938e+00,9.563100122200318687e-02,9.557059884520839876e-01
5.883167743682861328e+00,-2.298948564685725227e-02,9.898778674576926839e-01
5.728073120117187500e+00,-8.085950166948567552e-02,9.356161487726888382e-01
5.834880352020263672e+00,-2.540330852058736988e-01,9.262486083700296469e-01
5.862990379333496094e+00,-4.783394612647708377e-01,8.698224116441199971e-01
5.830978393554687500e+00,-8.825416491649040740e-01,3.627838134315007901e-01
5.589349746704101562e+00,-9.318367741237318924e-01,3.041619269929635716e-01
5.799180507659912109e+00,-8.956619188770633677e-01,1.920706407568242013e-01
5.877410411834716797e+00,-9.613199370451459558e-01,-2.265007425874558944e-01
5.662254333496093750e+00,-9.495301108535620926e-01,-2.781715940578363688e-01
5.813931941986083984e+00,-8.435646221911006215e-01,-3.574030128034043630e-01
5.594415664672851562e+00,-8.903812181134692638e-01,-4.369935651885865080e-01
5.589497089385986328e+00,-7.884883666164106408e-01,-5.852079791620935501e-01
5.715593814849853516e+00,-5.713941582379927775e-01,-7.137797100348862722e-01
5.786572456359863281e+00,-3.668587944978673465e-01,-8.633780984726010521e-01
5.854835510253906250e+00,-6.539424203409305303e-02,-9.811151006248638451e-01
5.774333477020263672e+00,6.970127701910697193e-02,-9.504772598195129207e-01
5.706600189208984375e+00,3.059347991084720997e-01,-8.394688885645034127e-01
5.752351284027099609e+00,4.726982368928532297e-01,-8.370342098546046383e-01
5.869623661041259766e+00,6.985054570706142885e-01,-7.033020140710392054e-01
5.707988739013671875e+00,6.830938409703499747e-01,-5.814510244876588407e-01
5.805364608764648438e+00,7.815167924671546640e-01,-4.581089621129168510e-01
5.719247817993164062e+00,8.613230982092578980e-01,-3.299990166134098568e-01
5.616010665893554688e+00,1.019300064313118037e+00,5.118701758541968627e-02
5.809526443481445312e+00,8.982660210874460205e-01,1.357499631851294963e-01
5.682616233825683594e+00,9.216809942591489557e-01,2.029894508189568625e-01
6.016854763031005859e+00,-1.104997354664243592e-01,1.015214769340714973e+00
6.203720092773437500e+00,-7.088567829603608095e-01,6.512137451403515742e-01
6.221639633178710938e+00,-8.142541299156715873e-01,5.424786211829921712e-01
6.207182407379150391e+00,-8.834701933621783576e-01,3.653434387847357412e-01
6.036930084228515625e+00,-9.967369876573777265e-01,2.010613779871552823e-03
5.977132320404052734e+00,-9.304298526276412185e-01,-4.054228976639652759e-01
6.140032291412353516e+00,-8.740119722231758370e-01,-5.654012983800360548e-01
6.018918991088867188e+00,-7.484025213264989818e-01,-6.919106360921718490e-01
6.095563888549804688e+00,-5.659871379120189339e-01,-8.186247790778810041e-01
6.134600162506103516e+00,-3.541168615420152155e-01,-9.770903080851980338e-01
6.004194259643554688e+00,-1.913790216826752322e-01,-1.009805922771084941e+00
6.141604900360107422e+00,6.770165084791608667e-02,-1.037365016173871668e+00
6.005728244781494141e+00,2.233452848353670583e-01,-1.002765025913111785e+00
6.093376159667968750e+00,3.765927403095374881e-01,-9.159195116710456830e-01
6.095071315765380859e+00,6.007369476086119597e-01,-7.912927849379357559e-01
6.048946380615234375e+00,7.462221866041224283e-01,-6.270953150329217074e-01
6.205949783325195312e+00,8.253338768805795755e-01,-4.934094714452905706e-01
6.190371513366699219e+00,9.807920976179494987e-01,-1.282236624822284399e-01
6.228990077972412109e+00,9.705830231879372105e-01,2.016366720068656082e-01
6.520992755889892578e+00,2.490148584769433238e-01,9.812820267739791325e-01
6.413638114929199219e+00,-3.023089759910143615e-01,9.748298091794552755e-01
6.415585994720458984e+00,-4.456057969619901526e-01,9.184988387319124037e-01
6.368664741516113281e+00,-7.059864275668256139e-01,7.510088085800979973e-01
6.377388000488281250e+00,-8.287090668362321333e-01,6.076675780345456301e-01
6.519219398498535156e+00,-8.423087857236489784e-01,5.599296313271027170e-01
6.359270572662353516e+00,-9.797877092504329033e-01,3.341051226441369426e-01
6.489614963531494141e+00,-1.000991945920506776e+00,1.412921301384989503e-02
6.523941516876220703e+00,-9.840434004237045285e-01,-2.302257994249001238e-01
6.347117900848388672e+00,-1.002019369055544340e+00,-2.905874312191911168e-01
6.307536602020263672e+00,-9.289980883444910464e-01,-5.184367396038360720e-01
6.465992450714111328e+00,-8.290692225845763819e-01,-5.772265781080929692e-01
6.325396060943603516e+00,-5.769961416494204798e-01,-8.852125357890182622e-01
6.367883205413818359e+00,-3.416250212172574074e-01,-9.716117188941331140e-01
6.529406547546386719e+00,4.369738692023632243e-02,-1.018776447545153285e+00
6.231997489929199219e+00,4.663247942140565927e-01,-8.807454076035364787e-01
6.272053718566894531e+00,6.653631140525352317e-01,-8.159459540447666637e-01
6.470262527465820312e+00,7.008742818602978764e-01,-7.279906908448320335e-01
6.391021728515625000e+00,8.019396821688412613e-01,-6.315251479251624556e-01
6.271293163299560547e+00,9.821914390699852948e-01,-3.764807746747189654e-01
6.366994857788085938e+00,1.014993718250800647e+00,-1.811970244454443046e-01
6.457162380218505859e+00,1.014259540913848845e+00,4.333400919216677527e-02
6.807290554046630859e+00,-1.339449851123980240e-01,1.054795435890716782e+00
6.580307483673095703e+00,-3.488504981887201595e-01,1.023261456359185306e+00
6.623860836029052734e+00,-7.671990406907093218e-01,7.391540144084287611e-01
6.866641521453857422e+00,-8.025416122062698498e-01,6.645372966011059424e-01
6.676001071929931641e+00,-8.427353087241213903e-01,6.061195233336521548e-01
6.876200199127197266e+00,-8.923683074136348203e-01,5.398218064300063235e-01
6.727225303649902344e+00,-9.813696554168145347e-01,5.046577746166597267e-01
6.741879940032958984e+00,-1.050283773275318744e+00,3.474679341164014779e-01
6.880421161651611328e+00,-1.029452928159925840e+00,1.644120696342566967e-01
6.623069286346435547e+00,-1.059339139218629988e+00,1.288671599630267228e-01
6.746311187744140625e+00,-1.072956310323589291e+00,-2.245525632271773153e-01
6.640213489532470703e+00,-9.101585464154268168e-01,-5.007914946417327817e-01
6.869742870330810547e+00,-8.330493224280927089e-01,-6.483099727673911072e-01
6.849147319793701172e+00,-5.347214394316828212e-01,-9.069329662279159709e-01
6.668980121612548828e+00,-4.578567260137144102e-01,-9.129067747349685069e-01
6.762505054473876953e+00,7.657979808419389245e-02,-1.091363213243041530e+00
6.845698833465576172e+00,2.336431536146786059e-01,-1.025121812200236349e+00
6.796092033386230469e+00,4.525969310628201736e-01,-9.726095279978207442e-01
6.614929676055908203e+00,6.101346436755124003e-01,-8.774248944120810467e-01
6.774681568145751953e+00,6.746969570506808900e-01,-8.530656109493572892e-01
6.785698413848876953e+00,7.959717045438832184e-01,-7.301687634573446051e-01
6.660611629486083984e+00,9.825206646984798731e-01,-2.252590166553471718e-01
6.735787391662597656e+00,1.098072462201030275e+00,-7.965255868124059002e-02
6.570611000061035156e+00,1.049897741762682690e+00,2.111725536356521271e-01
7.076425075531005859e+00,2.381906064415020841e-01,1.030872113425075565e+00
6.956988811492919922e+00,9.444859553775894478e-02,1.049858965454948168e+00
6.949077129364013672e+00,-6.796426617331274844e-02,1.052581535211247976e+00
7.196802139282226562e+00,-2.356343356212441120e-01,1.061603737777060408e+00
7.068754196166992188e+00,-4.364781526965487712e-01,9.628450410883518940e-01
7.198246955871582031e+00,-5.183517651410471938e-01,9.566254126869873087e-01
6.953728675842285156e+00,-5.529514270301323364e-01,8.968435073567961879e-01
7.045978546142578125e+00,-7.833588515359577453e-01,7.032466868707898389e-01
7.114008903503417969e+00,-9.054696888308371161e-01,5.742034613275234234e-01
7.003500461578369141e+00,-1.045707864882814864e+00,6.587037085449580498e-02
7.190475463867187500e+00,-1.080230307097071130e+00,-9.728782015251948023e-02
7.181092739105224609e+00,-1.029072124088926232e+00,-3.298010388520302150e-01
7.055791378021240234e+00,-8.401832799537086727e-01,-6.536721420591218301e-01
7.198579788208007812e+00,-8.094213845366962090e-01,-7.281750290486762589e-01
7.039821624755859375e+00,-7.443363865376539934e-01,-7.589269019864444132e-01
7.208941459655761719e+00,-6.156057789477453746e-01,-9.045075486163619560e-01
7.181794166564941406e+00,-3.592927252702937668e-01,-1.019903233420970556e+00
6.885997295379638672e+00,-1.383024180249239898e-01,-1.047841893282096759e+00
7.064654827117919922e+00,-3.325052657197570538e-02,-1.061464147550821302e+00
7.201273441314697266e+00,3.822127954399739402e-01,-1.020708855494652179e+00
7.166619777679443359e+00,5.610986556370392009e-01,-9.189689838778166697e-01
6.934150218963623047e+00,6.700409317387906460e-01,-8.217633029550248658e-01
7.019420623779296875e+00,8.279667129015467752e-01,-6.550201618298912010e-01
6.953273296356201172e+00,9.157460317604088074e-01,-5.278902500785468410e-01
7.164695262908935547e+00,1.073851965635459260e+00,-8.269328579249861366e-02
6.920487880706787109e+00,1.057961583242184922e+00,-2.417650393014991739e-02
7.030343532562255859e+00,1.021307242578869401e+00,2.698925509588221416e-01
7.095075607299804688e+00,5.318049882858151278e-01,9.207662771492715059e-01
7.272674560546875000e+00,6.665003895759582520e-01,-8.472267389297485352e-01
7.247936248779296875e+00,1.964913405144521896e-01,-1.100212879614225647e+00
7.335935592651367188e+00,-4.291068017482757013e-01,-9.966895580291750267e-01
7.434141635894775391e+00,-1.379452459514142124e-02,1.085451602935791016e+00
7.486339092254638672e+00,-2.627810239791869007e-01,1.008306264877319336e+00
7.474884033203125000e+00,1.608844250440596702e-01,1.045568585395812988e+00
7.490760803222656250e+00,6.506049036979676403e-01,8.028754591941834606e-01
7.400671005249023438e+00,1.074586153030395508e+00,-1.916648000478744507e-01
7.437751770019531250e+00,1.001378655433654785e+00,-4.153988659381866455e-01
7.420745372772216797e+00,7.953170537948608398e-01,-7.446108460426331677e-01
7.399547576904296875e+00,4.148243963718413752e-01,-1.009611606597900613e+00
7.463222503662109375e+00,6.338493824005126953e-01,-8.608804345130920410e-01
7.440774440765380859e+00,2.454163879156112671e-01,-1.054630875587463379e+00
7.396170616149902344e+00,-6.073190569877625622e-01,-9.069883823394773170e-01
7.462769985198974609e+00,-1.039919495582580788e+00,-2.494285702705385521e-01
7.442164421081542969e+00,-1.062386870384216309e+00,2.062541097402573742e-01
7.420215129852294922e+00,-9.098699092864989124e-01,5.995526909828187145e-01
7.481708526611328125e+00,-9.913644194602965198e-01,3.437692224979402855e-01
7.442478656768798828e+00,-4.283206164836882990e-01,9.938066005706787109e-01
7.499754905700683594e+00,7.332352995872498669e-01,6.768972873687744141e-01
7.489739894866943359e+00,-1.557382494211197455e-01,6.627184152603149414e-01
7.471269607543945312e+00,-4.215763509273529053e-01,5.009858608245848499e-01
7.417191982269287109e+00,-6.259278655052183948e-01,-2.412802167236810513e-02
7.498814582824707031e+00,-5.906202793121339001e-01,3.931768834590911310e-01
7.474296092987060547e+00,-6.316081881523132324e-01,-1.843653321266175704e-01
7.469691276550292969e+00,-1.479086186736821087e-02,-6.529719233512878418e-01
7.451801300048828125e+00,2.500845193862914484e-01,-5.884987115859985352e-01
7.490135192871093750e+00,4.413817822933197577e-01,-5.196006298065184437e-01
7.447440624237060547e+00,6.358218193054198109e-01,3.756072744727134705e-02
7.496760368347167969e+00,5.248889327049255371e-01,4.628161787986755926e-01
6.051163673400878906e+00,-7.231488823890681872e-02,-6.077609658241271973e-01
6.050216197967529297e+00,-2.352510839700699408e-01,-5.644203424453735352e-01
6.053799629211425781e+00,-3.907225430011749268e-01,-4.729111194610596258e-01
6.055188655853271484e+00,-6.134631037712097168e-01,-3.090810216963284923e-02
6.055151939392089844e+00,-6.039136052131652832e-01,1.122757494449615340e-01
6.060249805450439453e+00,-5.381742715835571289e-01,3.010083436965942938e-01
6.058678150177001953e+00,-4.464311301708221436e-01,4.241170287132263184e-01
6.057202816009521484e+00,-3.104922473430634655e-01,5.310549736022949219e-01
6.060162067413330078e+00,-1.502746641635895053e-01,5.980684757232666016e-01
6.060405254364013672e+00,3.514645099639892578e-01,5.065704584121702991e-01
6.059407234191894531e+00,4.693112671375274103e-01,3.991676270961761475e-01
6.060885906219482422e+00,5.655417442321777344e-01,2.462263256311416348e-01
6.055052757263183594e+00,6.134536266326904297e-01,-3.012972138822078705e-02
6.057974338531494141e+00,5.748180150985717773e-01,-2.203700393438338956e-01
6.057599067687988281e+00,3.646237850189209539e-01,-4.955799579620360773e-01
